"PLAN","SPECIES","45","46","47","48","49","50","51","52","53","54","55","56","57","58","59","60","61","62","63","64","65","66","67","68","69","70","71","72","73","74","75","76","77","78","79","80","81","82","83","84","85"
"largO","abrmac","largO","abrmac","Hatch25","Abronia","macrocar","-2","Galloway","Large-fr",1,2,1988,9,28,0,-2,-2,-2,"2",0,0,0,14,1,0,-1,3,-1,3,8,1,1,7,0,0,"USFWS2",1,2,-1,1,1,1 
"lanaO","abuere","lanaO","abuere","Estill63","Abutilon","eremitop","-2","Caum","-2",1,2,1991,10,21,0,-2,-2,-2,"2",0,0,0,14,1,0,2,1,1,4,2,1,3,2,0,0,"USFWS1",1,1,-2,1,1,0 
"oahpO","abusan","oahpO","abusan","Hoshino2","Abutilon","sandwice","-1","-1","-1",-1,-1,-1,-1,-1,0,-1,-1,-1,"8",0,0,0,14,1,5,-1,1,4,-1,5,1,-1,2,0,0,"USFWS1",-1,2,-1,1,1,0 
"prraO","accstr","prraO","accstr","Harvey10","Accipite","striatus","ssp. ven","Wetmore","Puerto R",2,2,1994,9,9,0,-2,-2,-2,"3",0,0,0,2,3,4,-1,-1,-1,-1,1,2,-1,14,0,0,"USFWS4",2,1,-3,1,1,0 
"oahtO","achlil","oahtO","achlil","Comeaux1","Achatine","lila","-2","Pilsbry","-1",1,2,1981,1,13,0,-2,-2,-2,"-3",0,0,0,8,2,2,3,3,2,3,1,1,-1,2,0,0,"USFWS1",3,-1,3,1,1,0 
"nighO","acrlus","nighO","acrlus","Nordby10","Acroceph","luscinia","luscinia","-1","Nighting",1,2,1970,12,2,0,-2,-2,-2,"8",0,0,0,2,3,4,5,3,4,3,27,2,2,19,0,-2,"USFWS1",1,3,-3,1,1,0 
"sensO","aesvir","sensO","aesvir","Fisher32","Aeschyno","virginic","-2","-1","Sensitiv",1,1,1992,6,19,0,-2,-2,-2,"2",0,0,0,14,1,0,6,1,6,1,19,1,1,9,0,1,"USFWS5",1,2,-1,1,1,0 
"dwweO","alahet","dwweO","alahet","merrick1","Alasmido","heterodo","-2","-2","dwarf we",1,2,1990,3,14,0,-2,-2,-2,"-1",0,0,0,8,4,0,6,3,6,3,21,2,-2,24,1,1,"USFWS5",-2,-1,3,1,1,1 
"maplO","alemac","maplO","alemac","Mayer130","Alectryo","macrococ","-2","Radlkofe","mahoe",1,2,1992,5,15,0,-2,-2,-2,"5",0,0,0,14,1,0,5,2,2,2,12,1,-1,2,0,0,"USFWS1",-1,3,-3,1,1,0 
"kauaO","alslyc","kauaO","alslyc","bennett4","alsinide","lychnoid","-2","hillebra","kuawawae",1,2,1996,11,12,0,-2,-2,-2,"2",0,0,0,14,1,-2,3,-1,3,1,1,1,3,2,0,0,"USFWS7",1,2,-3,1,1,0 
"oahpO","alsobo","oahpO","alsobo","Hoshino2","Alsinide","obovatum","-1","-1","-1",1,-1,-1,-1,-1,0,-1,-1,-1,"8",0,0,0,14,1,5,-1,1,4,-1,5,1,-1,2,0,0,"USFWS1",-1,2,-1,1,1,0 
"kauaO","alsvis","kauaO","alsvis","Lukacs46","Alsinide","viscosum","-2","Mann","-2",1,2,1996,11,12,0,-2,-2,-2,"-3",0,0,0,14,1,0,3,1,2,1,1,1,-1,2,0,0,"USFWS7",1,2,-3,1,1,1 
"prpaO","amavit","prpaO","amavit","Temple99","Amazona","Vittata","-2","-1","Puerto R",1,2,1967,0,0,0,-2,-2,-2,"-1",0,0,0,2,2,5,-1,1,2,4,1,1,3,14,0,0,"USFWS4",3,3,2,1,1,0 
"ashmO","ambama","ashmO","ambama","Benedict","Ambrysus","amargosu","-2","LaRivers","Ash Mead",1,1,1985,5,20,1,1985,5,20,"-1",0,0,0,6,3,2,1,4,1,4,21,1,-2,4,0,0,"USFWS1",4,4,-3,1,0,0 
"ozarR","ambros","ozarR","ambros","kolar109","Amblyops","rosae","-2","Woods an","Ozark ca",1,1,1984,12,3,0,-2,-2,-2,"8",0,0,0,5,3,-1,4,2,3,2,20,1,3,7,0,1,"USFWS4",1,2,2,1,1,0 
"sonoR","antame","sonoR","antame","Field131","Antiloca","american","sonorien","-2","Sonoran",2,2,1967,3,11,0,-2,-2,-2,"3",0,0,0,1,2,6,-1,2,3,2,15,2,3,24,1,0,"USFWS2",3,2,3,1,1,0 
"antiR","apomor","antiR","apomor","Goy69","Apodemia","mormo","langei","Comstock","Lange's",2,2,1976,6,1,1,1977,2,8,"9",0,0,0,6,2,3,1,2,1,2,12,1,-1,4,0,0,"USFWS1",3,2,1,1,1,0 
"raveO","archoo","raveO","archoo","belak72","Arctosta","hookeri","spp. rav","P.V. Wel","Raven's",2,2,1979,10,26,0,-2,-2,-2,"-1",0,0,0,14,1,0,2,1,1,4,12,1,-1,3,0,0,"USFWS1",4,4,-1,1,0,0 
"dwbeO","archum","dwbeO","archum","Hunter30","Arctomec","humilis","-2","Coville","Dwarf be",1,2,1979,11,6,0,-2,-2,-2,"5C",0,0,0,14,1,0,2,2,2,2,12,1,3,5,0,0,"USFWS6",2,2,3,1,0,0 
"fourO","arcmor","fourO","arcmor","Jolivett","Arctosta","morroens","-2","Weisland","Morro ma",1,1,1994,12,15,0,-2,-2,-2,"-3",0,0,0,14,1,0,3,-1,3,2,12,1,-1,4,0,0,"USFWS1",1,2,-3,1,1,0 
"maunO","argsan","maunO","argsan","Temple99","Argyroxi","sandwice","ssp. San","Keck 193","Mauna Ke",2,2,1983,3,21,0,-2,-2,-2,"-1",0,0,0,14,1,0,3,1,1,4,15,1,3,2,0,0,"USFWS1",1,4,4,1,1,0 
"anthO","athant","anthO","athant","Fink101","Athearni","anthonyi","-2","Redfield","Anthony'",1,2,1994,4,15,0,-2,-2,-2,"-1",0,0,0,8,-1,-2,-2,-1,-2,3,21,1,-2,9,0,1,"USFWS4",-2,-1,-1,1,1,0 
"virgR","betube","virgR","betube","Spakes68","Betula","uber","-2","-1","Virginia",1,2,1978,4,26,0,-2,-2,-2,"8",-2,0,0,14,1,0,-1,-1,2,1,5,1,1,9,0,0,"USFWS5",2,4,2,1,1,0 
"flscR","bongra","flscR","bongra","pico148","Bonamia","grandifl","-2","-1","Florida",1,1,1987,12,2,0,-2,-2,-2,"-3",0,0,0,14,1,0,-1,-1,4,2,10,1,1,9,0,0,"USFWS4",3,3,-3,1,1,1 
"aleuR","bracan","aleuR","bracan","Mosher15","Branta","canadens","leucopar","-2","Aleutian",2,1,1991,1,11,0,-2,-2,-2,"-3",0,0,0,2,2,-1,6,3,6,3,27,2,-1,24,1,1,"USFWS7",3,3,2,1,1,0 
"cavpO","brasan","cavpO","brasan","Neville1","Branchin","sandiego","-2","Fugate","San Dieg",1,2,1997,2,3,0,-2,-2,-2,"2c",0,0,0,7,4,-1,3,2,3,2,27,1,-2,4,1,0,"USFWS1",3,3,-2,1,1,0 
"kaupO","briins","kaupO","briins","Green57","Brighami","insignis","-2","-1","Olulu",1,2,1994,2,25,0,-2,-2,-2,"5",0,0,0,13,1,0,2,-1,2,3,16,1,-1,2,0,0,"USFWS1",1,-1,-1,1,1,0 
"palmO","calriv","palmO","calriv","Eaton27","Calyptro","rivalis","-2","-2","Palma de",1,1,1990,3,8,0,-2,-2,-2,"-3",0,0,0,14,1,0,3,2,3,2,1,1,-1,14,0,0,"USFWS4",2,2,-3,0,-2,0 
"grayO","canlup","grayO","canlup","wieland9","canis","lupus","irremotu","-1","Northern",2,2,1973,6,4,0,-2,-2,-2,"-3",0,0,0,1,3,-1,5,1,1,3,27,2,-1,24,1,1,"USFWS6",2,2,-1,1,0,0 
"eastR","canlup","eastR","canlup","Minnemey","Canis","lupus","lycaon","-1","eastern",2,2,1974,8,-1,1,1978,3,9,"14C",0,0,0,1,3,6,6,-1,5,-1,5,2,2,24,1,1,"USFWS3",-1,2,-3,1,1,0 
"redwR","canruf","redwR","canruf","Gripne17","Canis","rufus","-2","-1","Red Wolf",1,2,1967,2,24,0,-2,-2,-2,"-3",0,0,0,1,3,-1,-1,1,3,1,27,2,-2,9,0,1,"USFWS4",4,4,-3,0,1,0 
"ashmO","cennam","ashmO","cennam","lawrence","Centauri","namophil","-2","Reveal e","spring-l",1,1,1985,6,10,1,1985,5,20,"8",0,0,0,14,1,0,-1,-1,2,1,19,1,2,5,0,0,"USFWS1",3,1,1,1,0,0 
"cuiuR","chacuj","cuiuR","chacuj","Rahn, Be","Chasmist","cujus","-2","-2","Cui-ui",1,2,1967,3,11,0,-2,-2,-2,"2c",0,0,0,5,4,5,3,1,3,1,27,1,-2,5,0,0,"USFWS1",1,4,2,1,1,0 
"pineO","chagar","pineO","chagar","Goldstei","Euphorbi","garberi","-2","Engelman","Garber's",1,1,1985,7,18,0,-2,-2,-2,"-1",0,0,0,14,1,0,-1,-1,2,3,7,1,2,9,0,0,"USFWS4",3,-1,-1,1,0,0 
"oahpO","charoc","oahpO","charoc","Gibbons;","Chamaesy","rockii","-2","-2","akoko",1,2,1998,8,10,0,-2,-2,-2,"8",0,0,0,14,1,0,3,1,2,1,-3,1,3,2,0,0,"USFWS1",2,1,-3,0,1,1 
"flogO","chrflo","flogO","chrflo","Bloch35","Chrysops","floridan","-2","Small","Florida",1,1,1986,5,16,0,-2,-2,-2,"-1",0,0,0,14,1,0,-1,-1,3,3,13,1,1,9,0,0,"USFWS4",1,2,-1,1,1,0 
"nortO","cicdor","nortO","cicdor","Morris19","Cicindel","dorsalis","dorsalis","Cazier","Northeas",2,1,1990,8,-1,1,-1,-1,-1,"-3",0,0,1,6,3,5,-1,1,-1,1,27,2,1,8,0,0,"USFWS5",-1,-1,-1,1,1,0 
"maskR","colvir","maskR","colvir","Dullum36","Colinus","virginia","ridgway","A.O.U.","Masked B",2,2,1966,10,15,1,1991,-1,-1,"6",0,0,0,2,4,-1,3,2,2,2,16,1,1,24,1,0,"USFWS2",2,3,2,1,1,0 
"hawcO","corhaw","hawcO","corhaw","Bunn183","Corvus","tropicus","-2","-1","Alala",1,2,1967,2,24,0,-2,-2,-2,"-2",0,0,0,2,4,5,3,1,3,2,-1,1,3,2,0,0,"USFWS1",1,-1,-1,1,1,0 
"amcrR","croacu","amcrR","croacu","Wyrick52","Crocodyl","acutus","0","-1","American",1,2,1975,9,25,1,1976,9,24,"-3",0,0,0,3,3,-1,-1,4,3,4,22,2,-1,9,1,0,"USFWS4",3,3,-1,1,1,1 
"newmO","crowil","newmO","crowil","Cilimbur","crotalus","willardi","ssp. obs","-2","New Mexi",2,1,1978,8,4,1,1978,8,4,"-3",0,0,0,3,3,3,-1,-1,2,-1,8,1,-1,24,1,0,"USFWS2",1,-1,-3,1,1,0 
"sccyO","cupabr","sccyO","cupabr","Gray54","Cupressu","abramsia","-2","-2","Santa Cr",1,2,1987,1,8,0,-2,-2,-2,"-3",0,0,0,13,1,0,1,-1,-1,2,3,1,2,1,0,0,"USFWS4",2,2,-1,1,1,0 
"moloO","cyaman","moloO","cyaman","Webb23","Cyanea","mannii","-2","(Brigham","haha",1,2,1992,10,8,0,-2,-2,-2,"2",0,0,0,14,1,0,2,-1,2,2,1,2,-1,2,0,0,"USFWS1",1,-1,-1,1,1,0 
"biplO","cyashi","biplO","cyashi","nielson1","Cyanea","shipmani","-2","Rock","haha",1,2,1994,4,4,0,-2,-2,-2,"2",0,0,0,14,1,0,3,3,2,3,2,-1,-1,2,0,0,"USFWS1",2,2,3,1,1,0 
"fishR","cypfor","fishR","cypfor","Mayer150","Cyprinel","formosa","-2","-3","beautifu",1,1,1984,10,1,1,1984,10,1,"-3",0,0,0,5,-1,-1,5,-1,-1,-1,21,-1,-1,24,1,1,"USFWS2",-1,-1,-3,1,1,0 
"kauaO","cyrcya","kauaO","cyrcya","Temple99","Cyrtandr","Cyaneoid","-2","Rock","Mapele",1,2,1996,10,10,0,-2,-2,-2,"2",0,0,0,14,1,0,3,1,3,1,1,2,-1,2,0,0,"USFWS1",1,1,1,0,0,0 
"biplO","cyrgif","biplO","cyrgif","nielson1","Cyrtandr","giffardi","-2","Rock","ha'iwale",1,2,1994,4,4,0,-2,-2,-2,"2",0,0,0,14,1,0,3,2,3,2,3,-1,-1,2,0,0,"USFWS1",2,2,-1,1,1,0 
"oahpO","cyrvir","oahpO","cyrvir","Estill63","Cyrtandr","viridifl","-2","St. John","haiwale",1,2,1996,10,10,0,-2,-2,-2,"5",0,0,0,14,1,0,2,2,2,2,1,1,3,2,0,0,"USFWS1",1,2,-2,1,0,0 
"kirtR","denkir","kirtR","denkir","Robinson","Dendroic","kirtland","-2","-2","kirtland",1,2,1967,2,24,-2,-2,-2,-2,"-2",0,0,0,2,3,-2,4,2,4,2,7,1,2,24,1,1,"USFWS3",-2,-3,2,1,1,0 
"flomO","dicchr","flomO","dicchr","Sin74","Dicerand","frutesce","-1","-2","Scrub mi",1,2,1985,11,15,-1,-2,-2,-2,"-2",0,0,0,14,1,1,2,1,2,2,2,1,-2,4,-2,-2,"USFWS1",1,2,-3,1,0,-1 
"tennR","echten","tennR","echten","Morse75","Echinace","Tennesse","-2","(Beadle)","Tennesse",1,2,1979,6,6,0,-2,-2,-2,"8",0,0,0,14,1,0,-1,3,3,3,4,1,1,9,0,0,"USFWS4",1,2,1,1,1,0 
"tarrR","ellste","tarrR","ellste","Kimberly","Elliptio","steinsta","-2","Jonson a","Tar Spin",1,2,1985,7,29,-1,-2,-2,-2,"-1",0,0,0,8,6,0,-1,2,-1,2,21,1,-2,9,0,0,"USFWS4",1,1,-3,1,1,1 
"cavpO","eryari","cavpO","eryari","McKnight","Eryngium","aristula","var. par","(J. Coul","San Dieg",2,2,1993,8,3,-3,-3,-3,-3,"3C",0,0,0,14,1,0,3,2,3,2,27,1,-2,4,1,0,"USFWS1",3,2,4,1,1,0 
"antiR","erycap","antiR","erycap","Kellogg1"," "," ","var. ang","Greene &","Contra C",2,2,1978,4,26,1,1978,8,31,"6",0,0,0,14,1,0,-1,-1,1,4,11,2,-1,4,0,0,"USFWS1",3,3,-3,1,1,0 
"flscR","erycun","flscR","erycun","Stanley2","Eryngium","cuneifol","-2","Small","Scrub-ce",1,2,1987,2,20,0,-2,-2,-2,"-3",0,0,0,14,1,0,-1,-1,3,3,12,1,1,9,0,0,"USFWS4",1,-1,-3,1,0,0 
"seveO","erymen","seveO","erymen","hebblewh","Erysimum","meziesii","yadonii,","hooker","menzies",2,2,1992,6,22,0,-2,-2,-2,"2",0,0,0,14,1,0,-1,3,2,3,-1,1,1,4,0,0,"USFWS1",2,2,4,1,1,1 
"threO","eryter","threO","eryter","Temple99","Erysimum","teretifo","-2","-2","Ben Lomo",2,2,1981,-1,-1,0,-2,-2,-2,"9",0,0,0,14,1,0,-1,-1,-1,3,10,1,3,4,0,0,"USFWS1",1,-1,-1,1,1,0 
"slacO","ethbos","slacO","ethbos","Davis129","Etheosto","boschung","-2","-2","slackwat",1,1,1977,9,9,1,1977,9,9,"-1",0,0,0,5,3,5,-1,3,4,3,21,1,-2,9,0,1,"USFWS4",1,2,-3,1,1,0 
"edwaR","ethfon","edwaR","ethfon","Newbold1","Etheosto","Fonticol","-2","-2","Fountain",1,2,1970,10,13,1,1980,7,14,"5C",0,0,0,5,4,3,2,1,2,2,21,1,-2,7,0,0,"USFWS2",1,2,4,1,0,1 
"wateR","ethnuc","wateR","ethnuc","Temple99","Etheosto","nuchale","-2","-2","Watercre",1,2,1970,10,13,1,-1,-1,-1,"*Awaitin",0,0,0,5,3,-1,-1,1,-1,1,21,1,2,9,0,0,"USFWS4",2,2,-3,1,1,0 
"okalO","ethoka","okalO","ethoka","Eustace2","Etheosto","okaloosa","-2","Fowler","Okaloosa",1,2,1973,6,4,0,-2,-2,-2,"-1",0,0,0,5,-1,3,-1,2,3,2,21,2,-1,9,0,0,"USFWS4",3,3,-2,1,1,1 
"bayoR","ethrub","bayoR","ethrub","Faulkner","Etheosto","rubrum","-2","Rainey a","bayou da",1,1,1975,9,25,0,-2,-2,-2,"-1",0,0,0,5,3,2,-1,-1,-1,-1,21,1,-2,9,0,0,"USFWS4",1,1,-3,1,-1,0 
"maryR","ethsel","maryR","ethsel","Withey12","Etheosto","sellare","-2","Radcliff","Maryland",1,2,1967,3,11,1,1984,8,29,"-1",0,0,0,5,3,-1,3,3,2,3,21,1,-2,8,0,0,"USFWS5",1,1,-3,1,1,1 
"elseO","eupbat","elseO","eupbat","Lucia189","Euphilot","battoide","allyni","Shields","El Segun",2,2,1976,6,1,0,-2,-2,-2,"3",0,0,0,6,2,4,2,2,2,3,-1,1,-1,4,0,0,"USFWS1",1,3,1,1,1,1 
"edwaR","eurnan","edwaR","eurnan","Falcone1","Eurycea","Nana","-2","-3","San Marc",1,1,1980,8,14,1,1980,7,10,"-3",0,0,0,4,3,4,2,3,1,3,20,1,-2,9,0,0,"USFWS2",1,1,3,1,0,0 
"pereO","falper","pereO","falper","Morse75","Falco","peregrin","-2","-2","eastern",3,2,1970,10,13,0,-2,-2,-2,"-1",0,0,0,2,3,3,5,2,5,2,27,2,-2,24,1,1,"USFWS1",2,2,2,1,1,0 
"ampeO","falper","ampeO","falper","Drees90","falco","peregrin","annatum","hickey","american",3,2,1970,0,0,-1,-1,-1,-1,"-3",0,0,0,2,3,-1,6,2,-1,2,-1,1,-2,24,1,1,"USFWS1",-1,-1,2,0,1,1 
"hawwR","fulame","hawwR","fulame","Dollar14","Fulica","american","alai","Schallen","Hawaiian",2,2,-1,-1,-1,1,-1,-1,-1,"-1",0,0,0,2,4,-1,-1,1,-1,2,27,2,-1,2,0,0,"USFWS1",2,2,1,1,1,0 
"lanaO","gahlan","lanaO","gahlan","Morse75","Gahnia","lanaiens","-2","-2","-1",1,2,1991,10,21,0,-2,-2,-2,"5",0,0,0,14,1,0,-1,2,-1,2,1,1,-1,2,0,0,"USFWS1",1,1,4,0,1,0 
"hawwR","galchl","hawwR","galchl","Shaw205","Gallinul","chloropu","sandvice","-1","Hawaiian",2,2,1967,2,24,0,-2,-2,-2,"-3",0,0,0,2,2,-1,-1,2,-1,2,27,2,-2,2,0,0,"USFWS1",2,2,-3,1,1,1 
"edwaR","gamgeo","edwaR","gamgeo","Lundquis","Gambusia","georgei","-2","Hubbs an","San Marc",1,2,1980,8,14,1,1980,8,14,"2C",0,0,0,5,3,-1,2,4,1,4,21,1,3,9,0,0,"USFWS2",1,1,1,1,1,1 
"hawgO","garbri","hawgO","garbri","Kimball1","Gardenia","brighami","-1","-2","Hawaiian",1,2,1985,9,20,0,-2,-2,-2,"2",0,0,0,14,1,0,-1,2,-1,2,-3,1,-1,2,0,0,"USFWS1",1,3,-3,1,1,0 
"unarR","gasacu","unarR","gasacu","hahn127","gasteros","aculeatu","williams","girard","unarmore",2,2,1970,-1,-1,0,-2,-2,-2,"-1",0,0,0,5,3,2,4,1,2,2,21,1,1,4,1,0,"USFWS1",2,2,-2,1,0,0 
"maplO","gerarb","maplO","gerarb","Leyse217","Geranium","arboreum","-2","Gray","Hawaiian",1,2,1992,5,13,0,-2,-2,-2,"2",0,0,0,14,1,0,3,3,2,3,1,1,3,2,0,0,"USFWS1",2,3,4,0,1,0 
"humpR","gilcyp","humpR","gilcyp","Moerke14","Gila","cypha","-2","-2","humpback",1,2,1967,3,11,0,-2,-2,-2,"2C",0,0,0,5,4,4,3,-1,3,3,21,1,-1,5,0,1,"USFWS6",-1,-1,-1,1,0,0 
"bonyR","gilele","bonyR","gilele","Crampton","Gila","elegans","-2","-1","bonytail",1,2,1980,4,23,0,-2,-2,-2,"5c",0,0,0,5,4,5,3,1,2,3,21,1,-2,5,0,1,"USFWS6",-1,1,3,1,1,0 
"chihO","gilnig","chihO","gilnig","kelleher","gila","nigresce","-2","girard","chihuahu",1,1,1983,10,19,0,-2,-2,-2,"-3",0,0,0,5,4,-1,2,-1,1,4,21,1,-2,4,1,0,"USFWS2",1,1,-3,1,1,1 
"fishR","gilpur","fishR","gilpur","langridg","Gila","purpurea","-2","-1","Yaqui ch",1,2,1984,8,31,1,1984,8,31,"-1",0,0,0,5,4,-1,3,-1,3,-1,2,1,-1,4,1,0,"USFWS2",3,3,-3,1,1,0 
"whooR","gruame","whooR","gruame","Bradley3","Grus","american","-2","-2","Whooping",1,1,1967,3,11,1,1978,5,15,"-3",0,0,0,2,3,8,6,2,5,3,19,1,3,24,1,1,"USFWS2",3,3,2,1,1,1 
"missR","grucan","missR","grucan","Trexel39","Grus","canadens","pulla","-1","Mississi",2,2,1973,6,4,1,1976,3,25,"-1",0,0,0,2,4,3,-1,-1,3,4,19,1,1,9,0,0,"USFWS4",3,3,-1,1,1,1 
"cacoR","gymcal","cacoR","gymcal","Easter62","Gymnogyp","californ","-2","-2","Californ",1,2,1967,3,11,1,1976,9,24,"4C",0,0,0,2,3,5,4,2,4,2,27,1,-1,4,0,0,"USFWS1",4,4,3,1,1,0 
"gnomO","gymlin","gnomO","gymlin","lyons204","Gymnoder","lineare","-2","(Evans)Y","Rock Gno",1,2,1995,1,18,0,-2,-2,-2,"-2",0,0,0,10,1,0,-1,-1,-3,-1,4,1,1,9,0,1,"USFWS4",3,3,-3,1,1,1 
"todsO","hedtod","todsO","hedtod","Wright17","Hedeoma","todsenii","-2","Todsen","Todsen's",1,2,1981,1,19,1,1981,1,19,"8",0,0,0,14,1,-2,-1,-1,2,3,7,1,-2,5,0,0,"USFWS2",4,1,1,1,0,1 
"oahpO","hesarb","oahpO","hesarb","Brigham1","Hesperom","arboresc","-2","-2","-2",1,2,1994,4,27,0,-2,-2,-2,"-3",0,0,0,14,1,2,4,-1,4,-1,2,1,3,2,0,0,"USFWS1",3,3,-3,1,0,1 
"moloO","hibarn","moloO","hibarn","Allen20","Hibiscus","arnottia","immacula","(M. Roe)","Kokio Ke",2,2,1992,11,9,0,-2,-2,-2,"3",0,0,0,14,1,0,2,-1,2,2,2,1,-1,2,0,0,"USFWS1",1,-1,-1,1,1,0 
"kaupO","hibcla","kaupO","hibcla","Schwartz","Hibiscus","clayi","-2","Degener","Clay's h",1,2,1994,2,25,0,-2,-2,-2,"2",0,0,0,14,1,0,3,3,1,4,2,1,3,2,0,0,"USFWS1",1,1,4,1,1,-2 
"kauaO","hibwoo","kauaO","hibwoo","Temple99","Hibiscad","woodii","-2","-2","hau kuah",1,2,1996,11,12,0,-2,-2,-2,"5",0,0,0,14,1,0,-1,-1,-1,4,-1,-1,-1,2,0,0,"USFWS1",1,1,4,0,1,1 
"hawwR","himmex","hawwR","himmex","Merideth","Himantop","mexicanu","knudseni","-2","Hawaiian",2,2,1970,10,8,0,-2,-2,-2,"9",0,0,0,2,3,-1,3,-2,3,-2,19,2,-1,2,0,0,"USFWS1",2,3,1,1,0,0 
"flscO","hypcum","flscO","hypcum","Jurjavci","Hypericu","cumilico","-2","-1","Highland",1,2,1987,1,21,0,-2,-2,-2,"2",0,0,0,14,1,0,-1,1,-1,1,10,1,1,9,0,0,"USFWS4",-1,-1,2,1,1,0 
"smalR","isomed","smalR","isomed","Rieder16","Isotria","meleoloi","-2","(Pursh)R","Small Wh",1,2,1982,10,12,0,-2,-2,-2,"-3",0,0,0,14,1,0,-1,3,-1,3,8,2,2,8,1,1,"USFWS5",2,2,-3,0,1,1 
"beacO","jacrec","beacO","jacrec","Peacock6","Jacquemo","reclinat","-2","-1","beach ja",1,2,1993,11,24,0,-2,-2,-2,"-1",0,0,0,14,1,0,3,-1,3,1,11,1,1,9,0,0,"USFWS4",1,1,-1,1,1,1 
"oahpO","labcyr","oahpO","labcyr","Fagan97","labordia","cyrtandr","-2","(Baillon","kamakaha",1,2,1996,10,10,0,-2,-2,-2,"5",0,0,0,14,1,0,3,2,3,3,1,1,3,2,0,0,"USFWS1",2,2,-1,0,0,1 
"pinkO","lamabr","pinkO","lamabr","Aguiar67","Lampsili","orbicula","-2","Say 1831","pink muc",1,2,1976,6,14,0,-2,-2,-2,"-1",0,0,0,8,4,-1,4,1,4,2,21,2,-2,24,0,1,"USFWS4",-1,2,-1,1,1,0 
"snakO","lanxsp","snakO","lanxsp","Damiani1","Lanx","-2","-2","Frest","Banbury",1,2,1992,12,14,0,-2,-2,-2,"8",0,0,1,8,2,-1,-1,-1,2,3,21,1,-1,5,0,0,"USFWS1",2,2,-1,1,1,0 
"caroO","lasdec","caroO","lasdec","Coshland","Lasmigon","decorata","-2","Lea","Carolina",1,2,1993,6,30,0,-2,-2,-2,"-1",0,0,1,8,-1,0,-1,-1,-1,-1,21,1,-2,9,0,1,"USFWS4",1,1,-2,1,0,0 
"praiO","leslep","praiO","leslep","Auckland","Lespedez","leptosta","-2","-1","Prairie",1,1,1987,1,9,0,-2,-2,-2,"-3",0,0,0,14,1,0,5,1,5,2,16,1,1,6,0,1,"USFWS3",1,1,-3,1,1,0 
"flscR","liaohl","flscR","liaohl","Kellogg1","Liatris","ohlinger","-2","-1","scrub bl",1,2,1989,7,27,0,-2,-2,-2,"2",0,0,0,14,1,0,3,-1,3,2,13,1,-1,9,0,0,"USFWS4",1,-1,3,1,1,1 
"kaupO","lipfau","kaupO","lipfau","Schwartz","Lipochae","fauriei","-2","Leveille","nehe",1,2,1994,2,25,-2,-2,-2,-2,"2",0,0,0,14,1,0,3,3,3,3,-2,1,3,2,0,0,"USFWS1",1,1,4,1,1,-2 
"oahpO","loboah","oahpO","loboah","mojonnie","Lobelia","oahuensi","-2","rock 191","-2",1,2,1994,4,27,0,-2,-2,-2,"5",0,0,0,14,1,0,2,1,2,1,27,1,-1,2,0,0,"USFWS1",-1,-1,4,1,1,1 
"flscR","lupari","flscR","lupari","hudgens1","Lupinus","aridorum","-2","-1","scrub lu",1,2,1987,4,7,-2,-2,-2,-2,"-3",0,0,0,14,1,-2,-1,-1,3,3,27,1,1,9,0,0,"USFWS4",1,2,-3,1,1,-2 
"lotiO","lycarg","lotiO","lycarg","brunner1","Lycaeide","argyrogn","ssp. lot","Lintner","Lotis bl",2,2,1976,6,1,0,-2,-2,-2,"3",0,0,0,6,2,-1,2,1,1,-2,19,-1,2,4,0,0,"USFWS1",1,1,-1,1,1,0 
"roleO","lysasp","roleO","lysasp","Jones64","Lysimach","asperula","-2","Poiret","Rough-le",1,2,1987,7,13,0,-2,-2,-2,"-3",0,0,0,14,1,0,5,2,5,2,19,1,1,9,0,1,"USFWS4",3,3,-3,1,1,0 
"apalO","macalb","apalO","macalb","Sullivan","Macbride","alba","-2","-1","white bi",1,1,1992,5,8,0,-2,-2,-2,"-1",0,0,0,14,1,0,-1,-1,-1,2,7,1,1,9,0,0,"USFWS4",3,3,-3,1,1,1 
"mohrO","marmoh","mohrO","marmoh","Nevin195","Marshall","mohrii","-2","-2","Mohr's B",1,1,1988,9,7,0,-2,-2,-2,"-2",0,0,0,14,1,0,-1,2,-1,2,8,1,1,9,0,1,"USFWS4",1,3,-3,1,1,1 
"kaupO","melpal","kaupO","melpal","hilderbr","Melicope","pallida","-2","Hartley","alani",1,2,1994,2,25,0,-2,-2,-2,"-3",0,0,0,14,1,0,-1,2,-1,2,2,1,3,2,0,0,"USFWS1",-1,-1,-3,0,1,0 
"oahpO","melsai","oahpO","melsai","murphy21","Melicope","saint-jo","-2","Hume(Hil","Alani",1,2,1996,11,12,0,-2,-2,-2,"8",0,0,0,14,1,0,3,2,2,2,2,2,3,2,0,0,"USFWS1",2,2,-2,1,1,1 
"armaO","miccal","armaO","miccal","Hosseini","Microtus","californ","scirpens","Kellogg","Armagosa",2,2,1984,11,15,1,1984,11,15,"-1",0,0,0,1,2,4,-1,-2,2,4,21,1,-1,4,0,0,"USFWS1",2,3,-1,1,1,0 
"hualO","micmex","hualO","micmex","Hatch25","Microtus","mexicanu","hualpaie","Goldman","Hualapai",2,2,1987,10,1,0,-2,-2,-2,"-1",0,0,0,1,2,-1,-1,-1,-1,1,9,1,-1,4,0,0,"USFWS2",3,3,-1,1,1,0 
"blacR","musnig","blacR","musnig","Bakker40","Mustela","nigripes","-2","-1","Black-fo",1,2,1967,-1,-1,0,-2,-2,-2,"-1",0,0,0,1,2,4,6,2,1,4,16,1,-2,-2,0,0,"USFWS6",-1,-2,-3,0,1,0 
"kaufO","myapal","kaufO","myapal","Regetz13","Phaeorni","palmeri","-2","-1","small Ka",1,2,1967,2,24,0,-2,-2,-2,"-1",0,0,0,2,3,-1,-1,-1,2,-1,3,1,-1,2,0,0,"USFWS1",3,3,-1,1,1,1 
"woodO","mycame","woodO","mycame","Temple99","Mycteria","American","-2","-2","Wood Sto",1,2,1984,3,29,0,-2,-2,-2,"-1",0,0,0,2,3,5,6,2,5,2,19,1,1,9,1,1,"USFWS4",3,1,-1,1,1,0 
"indiR","myosod","indiR","myosod","Calabres","Myotis","sodalis","-2","-1","Indiana",1,2,-1,-1,-1,1,-1,-1,-1,"-1",0,0,0,1,3,5,-1,-1,-1,3,5,1,3,24,0,1,"USFWS3",3,2,-1,1,0,1 
"oahpO","nothum","oahpO","nothum","Haynes-S","Nototric","humile","-2","-1","kului",1,2,1991,11,29,0,-2,-2,-2,"8",0,0,0,14,1,0,2,1,2,2,2,1,3,2,0,0,"USFWS1",2,-1,-1,1,1,1 
"capeO","notmek","capeO","notmek","Campbell","Notropis","mekistoc","-2","-2","Cape Fea",1,2,1987,9,25,1,1987,9,25,"5",0,0,0,5,2,-1,-1,-1,3,1,21,1,-2,9,0,0,"USFWS4",2,1,1,1,1,0 
"neosO","notpla","neosO","notpla","Gallaghe","Noturus","placidus","-2","Taylor","Neosho m",1,1,1990,5,22,0,-2,-2,-2,"11C",0,0,0,5,3,-1,2,-1,2,1,21,1,-2,7,0,1,"USFWS6",2,2,-1,1,1,1 
"ringO","oboret","ringO","oboret","Lundquis","Obovaria","retusa","-2","Lamarck","ring pin",1,2,1989,9,29,0,-2,-2,-2,"5",0,0,0,8,4,0,5,1,5,1,21,1,3,9,0,1,"USFWS4",1,-1,3,1,1,1 
"keydR","odvicl","keydR","odvicl","Temple99","odocoile","virginia","calvium","Barbour","keydeer",2,2,1967,3,11,0,-2,-2,-2,"-1",0,0,0,1,2,5,-1,2,2,2,27,2,1,9,0,0,"USFWS4",2,-1,3,1,0,0 
"coluR","odvile","coluR","odvile","Reed110","Odocoile","virginia","leucurus","Douglas","Columbia",2,2,1968,-1,-1,0,-2,-2,-2,"-1",0,0,0,1,2,-1,5,1,3,3,11,2,2,3,0,1,"USFWS1",2,2,-3,1,1,0 
"antiR","oendel","antiR","oendel","Hanni128","Oenother","deltoide","howellii","-2","Antioch",2,2,1978,4,26,1,1978,2,8,"9",0,0,0,14,1,0,2,1,1,1,-1,1,1,3,0,0,"USFWS1",-1,3,-1,1,1,0 
"arizR","oncapa","arizR","oncapa","Dayton10","Salmo","apache","-2","Miller 1","Arizona",1,1,1975,7,16,-1,-2,-2,-2,"-1",0,0,0,5,3,-1,3,2,3,-1,21,1,3,5,0,0,"USFWS2",-1,3,-1,1,0,0 
"grcuR","onccla","grcuR","onccla","Morse75","Oncorhyn","clarki","stomias","-2","Greenbac",2,1,1978,4,18,0,-2,-2,-2,"15",0,0,0,5,3,-1,4,1,4,1,27,2,-2,5,0,1,"USFWS6",2,3,2,1,1,0 
"gilaR","oncgil","gilaR","oncgil","Myers34","Oncorhyn","gilae","-2","Miller","Gila Tro",1,2,1967,3,11,0,-2,-2,-2,"-3",0,0,0,5,3,-1,5,3,5,3,21,1,-2,4,0,1,"USFWS2",4,3,-3,1,1,0 
"nashR","orcsho","nashR","orcsho","Morse75","Orconect","shoupi","-2","-2","Nashvill",1,2,1986,9,26,0,-2,-2,-2,"11c",0,0,0,7,4,-1,-1,2,2,4,21,2,-2,9,0,0,"USFWS4",1,1,4,1,1,0 
"flscR","parcha","flscR","parcha","Minnemey","Paronych","chartace","ssp. cha","for spp.","papery w",1,1,1987,1,21,0,-2,-2,-2,"8",0,0,0,14,1,0,3,3,3,3,10,1,1,9,0,0,"USFWS4",2,2,-3,1,0,1 
"mamoO","parfla","mamoO","parfla","Vege113","Paroreom","flammea","-2","-2","Molokai",1,2,-1,-1,-1,0,-1,-1,-1,"-3",0,0,0,2,3,-1,-1,-1,-1,-1,-2,-1,-1,2,0,0,"USFWS1",-1,-1,4,1,1,0 
"bradO","pedbra","bradO","pedbra","Goldsmit","pediocac","bradyi","-2","L. Benso","Brady Pi",1,2,1979,11,26,0,-2,-2,-2,"2",0,0,0,14,1,0,-1,-1,2,1,13,1,-1,5,0,0,"USFWS2",3,2,-3,0,0,1 
"furbR","pedfur","furbR","pedfur","Leger179","Pedicula","furbishi","-2","S. Watso","Furbish",1,2,1978,4,26,0,-2,-2,-2,"-1",0,0,0,14,1,0,3,2,3,2,21,1,1,8,1,0,"USFWS5",1,-1,-3,1,0,1 
"prcrO","pellem","prcrO","pellem","Campbell","Peltophr","lemur","-2","Pregill","Puerto R",1,1,1987,8,4,0,-2,-2,-2,"-3",0,0,0,4,2,5,3,2,3,3,12,1,1,14,0,0,"USFWS4",1,2,-3,1,1,0 
"anasO","perpol","anasO","perpol","Bean29","Peromysc","polionot","phasma","Osgood","Anastasi",2,2,1989,6,12,0,-2,-2,-2,"-3",0,0,0,1,4,-1,2,2,1,2,-1,1,2,9,0,0,"USFWS4",2,4,-3,1,1,1 
"snaiR","pertan","snaiR","pertan","Roon181","Percina","tanasi","-2","Etnier","Snail Da",1,2,1976,4,1,1,1976,4,1,"-1",0,0,0,5,3,-1,-1,2,4,2,21,1,-2,9,1,1,"USFWS4",1,-1,4,1,1,1 
"lanaO","phygla","lanaO","phygla","Allen20","Phyllost","glabra","var. lan","Sherff","NCN",2,2,1991,9,20,0,-2,-2,-2,"6",0,0,0,14,1,0,2,-1,-1,-1,1,-1,-1,2,0,0,"USFWS1",1,1,-1,1,1,0 
"biadO","phyrac","biadO","phyrac","Funk44","Phyllost","racemosa","-2","Bentham","Kiponapo",1,2,1996,11,12,0,-2,-2,-2,"2",0,0,0,14,1,1,3,2,3,2,1,1,1,2,0,0,"USFWS1",2,2,-1,1,1,1 
"redcR","picbor","redcR","picbor","Latty22","Picoides","borealis","-1","-1","red-cock",1,2,1970,10,13,-2,-2,-2,-2,"-1",0,0,0,2,3,4,6,2,6,2,9,1,3,24,0,1,"USFWS4",2,2,-1,1,0,0 
"ropiO","pleple","ropiO","pleple","Pauliuko","Pleurobe","plenum","-2","Lea","Rough Pi",1,2,1976,6,14,0,-2,-2,-2,"5",0,0,0,8,4,3,6,1,5,2,20,1,-1,9,0,1,"USFWS4",-1,-1,3,1,1,1 
"shenO","pleshe","shenO","pleshe","Glushkof","Plethodo","shenando","-2","Highton","Shenando",1,2,1989,8,18,0,-2,-2,-2,"8",0,0,0,4,3,-1,2,3,2,3,5,1,2,9,0,0,"USFWS5",4,4,3,1,0,0 
"fishR","poeocc","fishR","poeocc","Allison1","Poecilio","occident","sonorien","Minckley","Yaqui to",2,2,-1,-1,-1,0,-2,-2,-2,"-3",0,0,0,5,4,-1,-1,-1,-1,-1,22,2,-1,11,1,0,"USFWS2",-1,-1,-3,1,1,0 
"cavpO","pognud","cavpO","pognud","Baum66","Pogogyne","nudiuscu","-2","Gray","Otay mes",1,2,1993,8,3,0,-2,-2,-2,"2C",0,0,0,14,1,0,2,1,2,1,20,1,3,4,0,0,"USFWS1",3,2,-1,1,1,0 
"flscR","polbas","flscR","polbas","Powell10","Polygone","basirami","-2","Horton (","wireweed",1,2,1987,1,21,0,-2,-2,-2,"-1",0,0,0,14,1,0,4,2,3,2,14,1,1,9,0,0,"USFWS4",2,3,-1,1,1,0 
"fatpR","potcap","fatpR","potcap","Collins1","Potamilu","capax","-2","Green","fat pock",1,2,1976,-1,-1,0,-2,-2,-2,"-1",0,0,0,8,3,1,3,2,3,2,21,1,-2,9,0,1,"USFWS4",1,-1,-3,0,1,0 
"littO","potcly","littO","potcly","Eustace2","Potamoge","clystoca","-2","-2","Little A",1,2,1991,11,14,0,-2,-2,-2,"5",0,0,0,14,1,0,-1,-1,1,-1,21,1,1,7,0,0,"USFWS2",1,-1,-3,1,1,-1 
"flscR","prugen","flscR","prugen","Sorice89","Prunus","genicula","-2","-2","Scrub Pl",1,2,1987,2,20,0,-2,-2,-2,"-1",0,0,0,14,1,0,-1,-1,-1,2,8,1,3,9,0,0,"USFWS4",2,3,-1,1,1,0 
"guamO","ptemar","guamO","ptemar","Westfall","Pteropus","mariannu","mariannu","unknown","Marianna",2,2,1984,8,27,0,-1,-1,-1,"-1",0,0,0,1,2,-1,3,1,2,3,2,-1,3,19,0,0,"USFWS1",3,2,-3,1,1,0 
"harpO","ptinod","harpO","ptinod","Nevin195","Ptilimni","nodosum","-2","(Rose) M","Harperel",1,2,1988,9,28,0,-2,-2,-2,"-3",0,0,0,14,1,0,-1,2,-1,2,9,2,-2,9,0,1,"USFWS5",2,2,-3,1,1,0 
"coloR","ptyluc","coloR","ptyluc","Nielsen2","Ptychlch","Lucius","-2","-2","Colorado",1,2,1974,1,4,0,-2,-2,-2,"-1",0,0,0,5,3,7,5,2,5,3,21,1,-2,4,0,1,"USFWS6",-1,2,1,1,1,0 
"flopR","pumcon","flopR","pumcon","Abbitt15","Felis","concolor","coryi","-2","Florida",2,2,1967,3,11,0,-2,-2,-2,"-1",0,0,0,1,3,5,5,-1,3,4,27,2,-2,9,0,0,"USFWS4",2,-1,1,1,1,0 
"alamO","pyrneo","alamO","pyrneo","Mazzei21","Tyronia","alamosae","-1","-1","Alamosa",1,2,1991,10,31,0,-2,-2,-2,"14",0,0,0,8,2,2,-1,-1,1,4,21,1,-2,7,0,0,"USFWS2",1,1,-3,1,1,0 
"tombO","quasta","tombO","quasta","Counard5","quadrula","stapes","-2","lea","stirrups",1,2,1987,4,7,0,-2,-2,-2,"-1",0,0,0,8,-1,-1,3,1,2,-1,21,1,-1,9,0,1,"USFWS4",-1,1,-1,1,1,0 
"saltO","raloob","saltO","raloob","Grenier8","Rallus","longiros","obsoletu","-2","Californ",2,2,1970,10,13,0,-2,-2,-2,"-1",0,0,0,2,3,-1,3,3,3,3,1,1,-1,24,0,0,"USFWS1",2,2,3,1,0,0 
"yumaO","raloyu","yumaO","raloyu","Miner114","Rallus","longiros","yumanens","-1","yuma cla",2,2,1967,3,11,0,-2,-2,-2,"-1",0,0,0,2,3,-1,-1,-1,-1,3,19,1,1,24,1,1,"USFWS2",-1,-1,-3,1,1,0 
"selkR","rantar","selkR","rantar","Frisch13","Rangifer","tarandus","caribou","-2","Sekirk M",3,2,1983,1,14,0,-2,-2,-2,"3C",0,0,0,1,2,-1,-1,4,3,4,4,1,3,5,1,1,"USFWS1",3,3,-1,1,1,0 
"kendO","rhiosc","kendO","rhiosc","Hu18","Rhinicht","osculus","thermali","Hubbs &","Kendall",2,2,1970,10,13,-1,-1,-1,-1,"-3",0,0,0,5,-1,4,1,4,1,4,21,1,-2,5,0,0,"USFWS6",4,4,-1,1,0,0 
"chapO","rhocha","chapO","rhocha","van Mant","Rhododen","chapmani","-2","Grey","Chapmans",1,1,1979,4,24,0,-2,-2,-2,"-1",0,0,0,14,1,0,2,3,2,3,4,1,2,9,1,0,"USFWS4",1,2,-2,1,1,0 
"everR","rossoc","everR","rossoc","Froelich","Rostrham","sociabil","plumbeus","Ridgway","Florida",2,2,1967,3,11,1,1977,8,11,"3c",0,0,0,2,3,-1,5,-1,5,1,19,1,3,9,1,0,"USFWS4",2,3,1,1,1,0 
"grpiR","sarore","grpiR","sarore","Breuer18","Sarracen","oreophil","-2","(Kearney","Green pi",1,2,1979,9,21,0,-2,-2,-2,"-1",0,0,0,14,1,0,5,2,4,3,5,1,2,9,0,1,"USFWS4",1,3,-3,1,1,1 
"pallO","scaalb","pallO","scaalb","Latty22","Scaphirh","albus","-2","-1","Pallid S",1,2,1990,9,6,0,-2,-2,-2,"-1",0,0,0,5,3,-1,3,-1,3,-1,21,1,-2,24,0,1,"USFWS6",3,2,-1,1,1,1 
"maplO","schhal","maplO","schhal","Cade55","Schiedea","haleakal","-2","-2","-2",1,2,1992,5,15,0,-2,-2,-2,"-3",0,0,0,14,1,0,-2,-1,1,-1,2,1,1,2,0,0,"USFWS1",4,2,-3,1,1,1 
"oahpO","schkaa","oahpO","schkaa","Robison1","Schiedea","kaalae","-2","-2","-2",1,2,1991,10,29,0,-2,-2,-2,"5",0,0,0,14,1,0,2,-1,2,2,2,2,-1,2,0,0,"USFWS1",1,2,4,1,0,0 
"oahpO","schkea","oahpO","schkea","Campbell","Schiedea","kealiae","-2","-2","-2",1,2,1996,10,10,0,-2,-2,-2,"8",0,0,0,14,1,0,2,2,2,2,2,1,-1,2,0,0,"USFWS1",-1,-1,-3,1,0,1 
"kaupO","schspe","kaupO","schspe","McCrumb8","Schiedea","sperguli","var. spe","Weller,","-2",3,2,1992,5,13,0,-2,-2,-2,"-1",0,0,0,14,1,0,-1,-1,2,1,2,1,-1,2,0,0,"USFWS1",1,-1,-1,1,1,1 
"delmR","scinig","delmR","scinig","Morse75","Sciurus","niger","ssp. Cin","L.","Delmarva",2,2,1967,2,24,0,-2,-2,-2,"9",0,0,0,1,4,3,5,2,3,3,9,2,3,8,0,1,"USFWS5",-1,-1,2,1,1,0 
"enruO","soldry","enruO","soldry","Temple99","Solanum","Drymophi","-2","-1","Enrubio",1,2,1988,9,26,0,-2,-2,-2,"5",0,0,0,14,1,0,3,3,1,4,7,1,1,14,0,0,"USFWS4",1,2,1,0,1,1 
"hougO","solhou","hougO","solhou","Satterth","Solidago","houghton","-2","A. Gray","Houghton",1,1,1988,8,7,0,-2,-2,-2,"8",0,0,0,14,1,0,5,3,5,3,-2,1,-1,7,1,1,"USFWS3",2,2,1,1,1,1 
"alabR","spepou","alabR","spepou","Lord104","Speoplat","poulsoni","-2","-2","Alabama",1,2,1977,1,12,1,1977,10,11,"1",0,0,0,5,3,-1,1,4,1,4,21,1,-2,9,0,0,"USFWS4",1,3,1,1,1,1 
"caleO","steant","caleO","steant","Sullivan","Sterna","albifron","brownii","Mearns,","Californ",2,2,1973,-1,-1,0,-2,-2,-2,"-1",0,0,0,2,3,-1,4,2,4,3,22,1,1,24,1,1,"USFWS1",2,2,-1,1,1,1 
"kaupO","stecam","kaupO","stecam","McCrumb8","Stenogyn","campanul","-2","Weller,","-2",3,2,1992,5,13,0,-2,-2,-2,"-1",0,0,0,14,1,0,-1,-1,1,4,2,1,-2,2,0,0,"USFWS1",1,-1,-1,1,1,1 
"mexiO","strocc","mexiO","strocc","Kuhn124","Strix","occident","ssp luci","Ridgway","Mexican",2,1,1993,4,15,1,1995,6,6,"-2",0,0,0,2,3,3,6,2,6,2,27,2,3,24,1,1,"USFWS2",2,2,-2,1,1,0 
"loweO","sylpal","loweO","sylpal","Cade55","Sylvilag","palustri","hefneri","-2","Lower ke",2,2,1990,6,21,0,-2,-2,-2,"-3",0,0,0,1,2,5,2,1,-1,-1,19,1,1,9,0,0,"USFWS4",3,3,3,1,1,1 
"lanaO","tetrem","lanaO","tetrem","uriarte6","Tetramol","remyi","-2","(A. Gray","-2",1,2,1991,9,20,0,-2,-2,-2,"2",0,0,0,14,1,0,2,1,1,4,-1,-1,-1,2,0,0,"USFWS1",1,1,-1,1,1,0 
"karsO","texred","karsO","texred","belak72","Texella","redelli","-2","Goodnigh","Bee Cree",1,2,1988,9,16,0,-2,-2,-2,"2c",0,0,0,9,3,-1,-1,-1,4,-1,-2,1,-2,7,0,0,"USFWS2",1,2,-1,1,1,1 
"coolO","thacoo","coolO","thacoo","Benedict","Thalictr","cooleyi","spp","Ahles","Cooley's",1,1,1989,3,9,0,-2,-2,-2,"-2",0,0,0,14,1,0,1,1,1,1,7,1,1,9,0,1,"USFWS4",2,3,1,1,1,1 
"pedaO","theste","pedaO","theste","Thayer12","Thelypod","stenopet","-2","Watson","slender-",1,2,1984,8,31,0,-2,-2,-2,"5c",0,0,0,14,1,0,-1,-1,2,2,19,1,-1,4,0,0,"USFWS1",2,3,3,1,1,0 
"soccO","thethe","soccO","thethe","Hohenloh","Thermosp","thermoph","-2","Richards","Socorro",1,2,1978,3,27,0,-2,-2,-2,"-1",0,0,0,7,4,1,1,4,1,4,21,1,-2,5,0,0,"USFWS2",1,1,-2,1,1,0 
"prfeO","theyau","prfeO","theyau","Miller73","Thelypte","yaucoens","-2","Proctor","-2",1,2,1993,7,2,0,-2,-2,-2,"-1",0,0,0,12,1,0,-1,-1,2,3,2,1,-1,14,0,-2,"USFWS4",1,1,3,1,1,0 
"westR","triman","westR","triman","newby42","Trichech","manatus","latirost","-1","west ind",2,2,1966,10,15,1,-1,-1,-1,"5c",0,0,0,1,2,5,6,2,6,2,27,1,-2,24,1,1,"USFWS4",2,-1,3,1,1,0 
"bariO","tritri","bariO","tritri","Regetz13","Trichili","triacant","urban","-3","-2",1,2,1988,2,5,0,-2,-2,-2,"-1",0,0,0,14,1,-2,2,4,2,4,2,1,-1,14,0,0,"USFWS4",1,-1,-1,1,1,0 
"attwR","tymcup","attwR","tymcup","Bedford8","Tympanuc","cupido","attwater","Bendire","Attwater",2,2,1967,3,11,0,-2,-2,-2,"-1",0,0,0,2,2,5,4,2,3,3,16,1,2,7,0,0,"USFWS2",2,2,-1,1,1,1 
"grizR","ursarc","grizR","ursarc","Siegel84","Ursus","arctos","ssp. hor","Rausch 6","grizzly",2,1,1975,7,28,0,-2,-2,-2,"6c",0,1,0,1,4,-1,6,2,5,3,4,2,3,24,1,1,"USFWS6",-1,-1,-3,1,1,1 
"flscR","warcar","flscR","warcar","Morse75","Warea","carteri","-2","-1","Carter's",1,2,1987,1,21,0,-2,-2,-2,"2",0,0,0,14,1,0,-1,-1,4,2,15,1,1,9,0,0,"USFWS4",1,-1,3,1,1,0 
"cachO","xanriv","cachO","xanriv","hilderbr","Xantusia","riversia","-2","Savage","Island n",1,1,-3,-3,-3,0,-2,-2,-2,"-3",0,0,0,3,4,-1,-1,2,-1,2,27,2,-2,4,0,0,"USFWS1",4,3,-3,1,1,1 
"flscR","zizcel","flscR","zizcel","Morse75","Ziziphus","celata","-2","-2","Florida",1,2,1989,8,28,0,-2,-2,-2,"5",0,0,0,14,1,0,3,3,3,3,10,1,1,9,0,0,"USFWS4",2,4,1,1,1,0 
"edwaR","ziztex","edwaR","ziztex","Musquiz1","Zizania","texana","-2","-2","Texas Wi",1,2,1985,4,8,1,1985,4,8,"-1",0,0,0,14,1,0,2,4,1,4,21,1,-1,9,0,0,"USFWS2",1,3,-1,1,1,1 
